<?xml version="1.0" encoding="utf-8" standalone="yes"?><rss version="2.0" xmlns:atom="http://www.w3.org/2005/Atom"><channel><title>css on VNovel</title><link>https://vnovel.pages.dev/tags/css/</link><description>Recent content in css on VNovel</description><generator>Hugo -- gohugo.io</generator><language>en</language><lastBuildDate>Mon, 11 Mar 2019 00:00:00 +0000</lastBuildDate><atom:link href="https://vnovel.pages.dev/tags/css/index.xml" rel="self" type="application/rss+xml"/><item><title>Markdown Syntax Guide</title><link>https://vnovel.pages.dev/posts/markdown-syntax/</link><pubDate>Mon, 11 Mar 2019 00:00:00 +0000</pubDate><guid>https://vnovel.pages.dev/posts/markdown-syntax/</guid><description>&lt;p>This article offers a sample of basic Markdown syntax that can be used in Hugo content files, also it shows whether basic HTML elements are decorated with CSS in a Hugo theme.&lt;/p></description></item></channel></rss>