<?xml version="1.0" encoding="utf-8" standalone="yes"?><rss version="2.0" xmlns:atom="http://www.w3.org/2005/Atom"><channel><title>text on VNovel</title><link>https://vnovel.pages.dev/tags/text/</link><description>Recent content in text on VNovel</description><generator>Hugo -- gohugo.io</generator><language>en</language><lastBuildDate>Sat, 09 Mar 2019 00:00:00 +0000</lastBuildDate><atom:link href="https://vnovel.pages.dev/tags/text/index.xml" rel="self" type="application/rss+xml"/><item><title>Placeholder Text</title><link>https://vnovel.pages.dev/posts/placeholder-text/</link><pubDate>Sat, 09 Mar 2019 00:00:00 +0000</pubDate><guid>https://vnovel.pages.dev/posts/placeholder-text/</guid><description>&lt;p>Lorem est tota propiore conpellat pectoribus de pectora summo.&lt;/p></description></item></channel></rss>