<?xml version="1.0" encoding="utf-8" standalone="yes"?><rss version="2.0" xmlns:atom="http://www.w3.org/2005/Atom"><channel><title>shortcodes on VNovel</title><link>https://vnovel.pages.dev/tags/shortcodes/</link><description>Recent content in shortcodes on VNovel</description><generator>Hugo -- gohugo.io</generator><language>en</language><lastBuildDate>Sun, 10 Mar 2019 00:00:00 +0000</lastBuildDate><atom:link href="https://vnovel.pages.dev/tags/shortcodes/index.xml" rel="self" type="application/rss+xml"/><item><title>Rich Content</title><link>https://vnovel.pages.dev/posts/rich-content/</link><pubDate>Sun, 10 Mar 2019 00:00:00 +0000</pubDate><guid>https://vnovel.pages.dev/posts/rich-content/</guid><description>&lt;p>Hugo ships with several &lt;a href="https://gohugo.io/content-management/shortcodes/#use-hugos-built-in-shortcodes">Built-in Shortcodes&lt;/a> for rich content, along with a &lt;a href="https://gohugo.io/about/hugo-and-gdpr/">Privacy Config&lt;/a> and a set of Simple Shortcodes that enable static and no-JS versions of various social media embeds.&lt;/p>
&lt;h2 id="heading">&lt;/h2></description></item></channel></rss>