<?xml version="1.0" encoding="utf-8" standalone="yes"?><rss version="2.0" xmlns:atom="http://www.w3.org/2005/Atom"><channel><title>emoji on VNovel</title><link>https://vnovel.pages.dev/tags/emoji/</link><description>Recent content in emoji on VNovel</description><generator>Hugo -- gohugo.io</generator><language>en</language><lastBuildDate>Tue, 05 Mar 2019 00:00:00 +0000</lastBuildDate><atom:link href="https://vnovel.pages.dev/tags/emoji/index.xml" rel="self" type="application/rss+xml"/><item><title>tchhhh</title><link>https://vnovel.pages.dev/posts/emoji-support/</link><pubDate>Tue, 05 Mar 2019 00:00:00 +0000</pubDate><guid>https://vnovel.pages.dev/posts/emoji-support/</guid><description>&lt;p>Emoji can be enabled in a Hugo project in a number of ways.&lt;/p></description></item></channel></rss>