<?xml version="1.0" encoding="utf-8" standalone="yes"?><rss version="2.0" xmlns:atom="http://www.w3.org/2005/Atom"><channel><title>Categories on VNovel</title><link>https://vnovel.pages.dev/categories/</link><description>Recent content in Categories on VNovel</description><generator>Hugo -- gohugo.io</generator><language>en</language><lastBuildDate>Mon, 11 Mar 2019 00:00:00 +0000</lastBuildDate><atom:link href="https://vnovel.pages.dev/categories/index.xml" rel="self" type="application/rss+xml"/><item><title>syntax</title><link>https://vnovel.pages.dev/categories/syntax/</link><pubDate>Mon, 11 Mar 2019 00:00:00 +0000</pubDate><guid>https://vnovel.pages.dev/categories/syntax/</guid><description/></item><item><title>themes</title><link>https://vnovel.pages.dev/categories/themes/</link><pubDate>Mon, 11 Mar 2019 00:00:00 +0000</pubDate><guid>https://vnovel.pages.dev/categories/themes/</guid><description/></item></channel></rss>