<?xml version="1.0" encoding="utf-8" standalone="yes"?><rss version="2.0" xmlns:atom="http://www.w3.org/2005/Atom"><channel><title>Tags on VNovel</title><link>https://vnovel.pages.dev/tags/</link><description>Recent content in Tags on VNovel</description><generator>Hugo -- gohugo.io</generator><language>en</language><lastBuildDate>Mon, 11 Mar 2019 00:00:00 +0000</lastBuildDate><atom:link href="https://vnovel.pages.dev/tags/index.xml" rel="self" type="application/rss+xml"/><item><title>css</title><link>https://vnovel.pages.dev/tags/css/</link><pubDate>Mon, 11 Mar 2019 00:00:00 +0000</pubDate><guid>https://vnovel.pages.dev/tags/css/</guid><description/></item><item><title>html</title><link>https://vnovel.pages.dev/tags/html/</link><pubDate>Mon, 11 Mar 2019 00:00:00 +0000</pubDate><guid>https://vnovel.pages.dev/tags/html/</guid><description/></item><item><title>markdown</title><link>https://vnovel.pages.dev/tags/markdown/</link><pubDate>Mon, 11 Mar 2019 00:00:00 +0000</pubDate><guid>https://vnovel.pages.dev/tags/markdown/</guid><description/></item><item><title>privacy</title><link>https://vnovel.pages.dev/tags/privacy/</link><pubDate>Sun, 10 Mar 2019 00:00:00 +0000</pubDate><guid>https://vnovel.pages.dev/tags/privacy/</guid><description/></item><item><title>shortcodes</title><link>https://vnovel.pages.dev/tags/shortcodes/</link><pubDate>Sun, 10 Mar 2019 00:00:00 +0000</pubDate><guid>https://vnovel.pages.dev/tags/shortcodes/</guid><description/></item><item><title>text</title><link>https://vnovel.pages.dev/tags/text/</link><pubDate>Sat, 09 Mar 2019 00:00:00 +0000</pubDate><guid>https://vnovel.pages.dev/tags/text/</guid><description/></item><item><title>emoji</title><link>https://vnovel.pages.dev/tags/emoji/</link><pubDate>Tue, 05 Mar 2019 00:00:00 +0000</pubDate><guid>https://vnovel.pages.dev/tags/emoji/</guid><description/></item></channel></rss>