<?xml version="1.0" encoding="utf-8" standalone="yes"?><rss version="2.0" xmlns:atom="http://www.w3.org/2005/Atom"><channel><title>VNovel</title><link>https://vnovel.pages.dev/</link><description>Recent content on VNovel</description><generator>Hugo -- gohugo.io</generator><language>en</language><lastBuildDate>Mon, 11 Mar 2019 00:00:00 +0000</lastBuildDate><atom:link href="https://vnovel.pages.dev/index.xml" rel="self" type="application/rss+xml"/><item><title>Markdown Syntax Guide</title><link>https://vnovel.pages.dev/posts/markdown-syntax/</link><pubDate>Mon, 11 Mar 2019 00:00:00 +0000</pubDate><guid>https://vnovel.pages.dev/posts/markdown-syntax/</guid><description>&lt;p>This article offers a sample of basic Markdown syntax that can be used in Hugo content files, also it shows whether basic HTML elements are decorated with CSS in a Hugo theme.&lt;/p></description></item><item><title>Rich Content</title><link>https://vnovel.pages.dev/posts/rich-content/</link><pubDate>Sun, 10 Mar 2019 00:00:00 +0000</pubDate><guid>https://vnovel.pages.dev/posts/rich-content/</guid><description>&lt;p>Hugo ships with several &lt;a href="https://gohugo.io/content-management/shortcodes/#use-hugos-built-in-shortcodes">Built-in Shortcodes&lt;/a> for rich content, along with a &lt;a href="https://gohugo.io/about/hugo-and-gdpr/">Privacy Config&lt;/a> and a set of Simple Shortcodes that enable static and no-JS versions of various social media embeds.&lt;/p>
&lt;h2 id="heading">&lt;/h2></description></item><item><title>Placeholder Text</title><link>https://vnovel.pages.dev/posts/placeholder-text/</link><pubDate>Sat, 09 Mar 2019 00:00:00 +0000</pubDate><guid>https://vnovel.pages.dev/posts/placeholder-text/</guid><description>&lt;p>Lorem est tota propiore conpellat pectoribus de pectora summo.&lt;/p></description></item><item><title>Math Typesetting</title><link>https://vnovel.pages.dev/posts/math-typesetting/</link><pubDate>Fri, 08 Mar 2019 00:00:00 +0000</pubDate><guid>https://vnovel.pages.dev/posts/math-typesetting/</guid><description>&lt;p>Mathematical notation in a Hugo project can be enabled by using third party JavaScript libraries.&lt;/p></description></item><item><title>tchhhh</title><link>https://vnovel.pages.dev/posts/emoji-support/</link><pubDate>Tue, 05 Mar 2019 00:00:00 +0000</pubDate><guid>https://vnovel.pages.dev/posts/emoji-support/</guid><description>&lt;p>Emoji can be enabled in a Hugo project in a number of ways.&lt;/p></description></item><item><title>About</title><link>https://vnovel.pages.dev/about/</link><pubDate>Thu, 28 Feb 2019 00:00:00 +0000</pubDate><guid>https://vnovel.pages.dev/about/</guid><description>Written in Go, Hugo is an open source static site generator available under the Apache Licence 2.0. Hugo supports TOML, YAML and JSON data file types, Markdown and HTML content files and uses shortcodes to add rich content. Other notable features are taxonomies, multilingual mode, image processing, custom output formats, HTML/CSS/JS minification and support for Sass SCSS workflows.
Hugo makes use of a variety of open source projects including:
https://github.com/yuin/goldmark https://github.</description></item><item><title>Hello, World!</title><link>https://vnovel.pages.dev/posts/hello-world/</link><pubDate>Mon, 01 Jan 0001 00:00:00 +0000</pubDate><guid>https://vnovel.pages.dev/posts/hello-world/</guid><description>Hello World! Lorem ipsum dolor sit amet, consectetur adipiscing elit. Ut non lorem diam. Quisque vulputate nibh sodales eros pretium tincidunt. Aenean porttitor efficitur convallis. Nulla sagittis finibus convallis. Phasellus in fermentum quam, eu egestas tortor. Maecenas ac mollis leo. Integer maximus eu nisl vel sagittis.
Suspendisse facilisis, mi ac scelerisque interdum, ligula ex imperdiet felis, a posuere eros justo nec sem. Nullam laoreet accumsan metus, sit amet tincidunt orci egestas nec.</description></item></channel></rss>